Rk,Player,Pos,Age,Tm,G,GS,MP,FG,FGA,FG%,3P,3PA,3P%,2P,2PA,2P%,eFG%,FT,FTA,FT%,ORB,DRB,TRB,AST,STL,BLK,TOV,PF,PTS
1,Precious Achiuwa,PF,24,NYK,9,2,20.4,2.3,4.8,.488,0.0,0.3,.000,2.3,4.4,.525,.488,0.6,1.4,.385,2.4,1.8,4.2,0.6,0.4,1.3,0.4,2.2,5.2
2,Bam Adebayo,C,26,MIA,5,5,38.4,9.6,19.4,.495,0.4,2.0,.200,9.2,17.4,.529,.505,3.0,4.2,.714,2.2,7.2,9.4,3.8,0.4,0.0,1.6,3.0,22.6
3,Nickeil Alexander-Walker,SG,25,MIN,16,1,23.6,2.6,7.0,.366,1.5,5.1,.296,1.1,1.9,.548,.473,0.6,0.6,1.000,0.3,1.4,1.8,2.3,0.6,0.4,0.9,1.5,7.3
4,Grayson Allen,SG,28,PHO,2,2,21.5,0.5,2.5,.200,0.5,2.5,.200,0.0,0.0,,.300,2.0,2.0,1.000,1.0,3.0,4.0,1.0,0.5,0.0,1.5,2.0,3.5
5,Jarrett Allen,C,25,CLE,4,4,31.8,6.3,9.3,.676,0.0,0.0,,6.3,9.3,.676,.676,4.5,6.5,.692,3.8,10.0,13.8,1.3,1.3,1.0,1.3,2.0,17.0
6,Jose Alvarado,PG,25,NOP,4,0,15.5,0.8,5.0,.150,0.3,3.5,.071,0.5,1.5,.333,.175,0.0,0.0,,0.0,1.0,1.0,2.3,1.3,0.3,1.0,0.8,1.8
7,Kyle Anderson,PF,30,MIN,15,1,15.4,1.7,3.8,.456,0.1,0.5,.250,1.6,3.3,.490,.474,0.7,0.8,.833,1.2,1.5,2.7,2.5,0.7,0.3,0.7,1.7,4.3
8,Thanasis Antetokounmpo,PF,31,MIL,2,0,2.5,0.0,0.0,,0.0,0.0,,0.0,0.0,,,0.0,0.0,,0.0,0.0,0.0,0.0,0.5,0.5,0.0,0.5,0.0
9,Cole Anthony,PG,23,ORL,7,0,14.7,1.9,5.9,.317,0.3,1.9,.154,1.6,4.0,.393,.341,1.1,1.3,.889,0.3,1.9,2.1,1.3,0.6,0.1,0.7,2.3,5.1
10,OG Anunoby,SF,26,NYK,9,9,36.0,6.2,12.3,.505,1.8,4.3,.410,4.4,8.0,.556,.577,0.9,1.4,.615,0.8,5.2,6.0,1.1,0.9,1.0,1.1,1.7,15.1
11,Paolo Banchero,PF,21,ORL,7,7,37.4,9.7,21.3,.456,2.3,5.7,.400,7.4,15.6,.477,.510,5.3,7.0,.755,2.0,6.6,8.6,4.0,1.1,0.6,4.6,2.0,27.0
12,Nicolas Batum,PF,35,PHI,6,0,28.3,2.0,4.8,.414,1.5,3.7,.409,0.5,1.2,.429,.569,0.8,1.3,.625,1.5,4.3,5.8,1.3,0.2,0.8,0.8,2.2,6.3
13,Bradley Beal,SG,30,PHO,4,4,38.5,6.5,14.8,.441,2.5,5.8,.435,4.0,9.0,.444,.525,1.0,1.3,.800,1.5,1.3,2.8,4.5,0.8,0.3,3.3,3.8,16.5
14,Malik Beasley,SG,27,MIL,6,2,21.8,3.5,6.8,.512,1.8,4.2,.440,1.7,2.7,.625,.646,0.0,0.0,,0.2,2.3,2.5,0.7,0.7,0.0,0.5,1.5,8.8
15,MarJon Beauchamp,SF,23,MIL,4,0,2.5,0.3,1.0,.250,0.0,0.5,.000,0.3,0.5,.500,.250,0.3,0.5,.500,0.0,0.3,0.3,0.5,0.0,0.0,0.3,0.3,0.8
16,Patrick Beverley,PG,35,MIL,6,6,35.0,2.7,6.5,.410,0.7,1.8,.364,2.0,4.7,.429,.462,2.2,2.5,.867,0.7,2.7,3.3,5.5,1.0,0.7,1.0,2.7,8.2
17,Goga Bitadze,C,24,ORL,2,0,5.0,0.0,1.0,.000,0.0,0.0,,0.0,1.0,.000,.000,0.0,0.0,,0.5,1.0,1.5,1.0,0.0,0.0,0.5,0.0,0.0
18,Anthony Black,PG,20,ORL,2,0,5.5,1.5,3.5,.429,0.0,1.0,.000,1.5,2.5,.600,.429,0.0,0.0,,0.5,0.5,1.0,1.0,0.5,0.0,0.5,0.5,3.0
19,Bojan Bogdanović,SF,34,NYK,4,0,12.8,1.8,6.0,.292,1.5,3.8,.400,0.3,2.3,.111,.417,1.0,1.8,.571,0.3,2.8,3.0,1.0,0.0,0.3,0.3,0.8,6.0
20,Bol Bol,PF,24,PHO,3,0,4.3,0.3,1.0,.333,0.0,0.0,,0.3,1.0,.333,.333,0.0,0.0,,0.0,1.3,1.3,0.0,0.3,0.0,0.0,0.7,0.7
Rk,Player,Pos,Age,Tm,G,GS,MP,FG,FGA,FG%,3P,3PA,3P%,2P,2PA,2P%,eFG%,FT,FTA,FT%,ORB,DRB,TRB,AST,STL,BLK,TOV,PF,PTS
21,Devin Booker,PG,27,PHO,4,4,41.5,8.0,16.3,.492,1.8,5.0,.350,6.3,11.3,.556,.546,9.8,10.3,.951,0.3,3.0,3.3,6.0,1.8,0.3,2.8,4.5,27.5
22,Brandon Boston Jr.,SF,22,LAC,3,0,3.3,0.7,1.3,.500,0.0,0.0,,0.7,1.3,.500,.500,0.3,0.7,.500,0.3,0.3,0.7,0.3,0.0,0.0,0.0,0.7,1.7
23,Christian Braun,SG,22,DEN,12,0,17.0,1.9,4.5,.426,0.3,1.5,.222,1.6,3.0,.528,.463,0.9,1.3,.688,0.8,1.9,2.7,0.8,0.2,0.4,0.1,1.5,5.1
24,Oshae Brissett,SF,25,BOS,10,0,5.5,0.6,1.1,.545,0.2,0.2,1.000,0.4,0.9,.444,.636,0.2,0.4,.500,0.3,1.1,1.4,0.0,0.3,0.2,0.1,0.2,1.6
25,Jaylen Brown,SF,27,BOS,19,19,37.2,9.2,17.8,.516,1.9,5.8,.327,7.3,12.1,.607,.569,3.6,5.4,.660,1.2,4.8,5.9,3.3,1.2,0.6,2.7,2.7,23.9
26,Kendall Brown,SG,20,IND,7,0,3.6,0.3,0.9,.333,0.0,0.0,,0.3,0.9,.333,.333,0.0,0.0,,0.0,0.4,0.4,0.3,0.0,0.1,0.4,0.3,0.6
27,Kobe Brown,PF,24,LAC,3,0,3.3,0.0,0.0,,0.0,0.0,,0.0,0.0,,,0.0,0.0,,0.3,0.3,0.7,0.0,0.0,0.0,0.0,0.3,0.0
28,Jalen Brunson,PG,27,NYK,13,13,39.8,11.6,26.2,.444,2.0,6.5,.310,9.6,19.7,.488,.482,7.2,9.2,.775,0.6,2.7,3.3,7.5,0.8,0.2,2.7,2.0,32.4
29,Thomas Bryant,C,26,MIA,2,0,9.0,2.5,3.5,.714,0.0,1.0,.000,2.5,2.5,1.000,.714,1.0,1.5,.667,1.0,1.5,2.5,0.5,0.0,0.0,1.0,0.5,6.0
30,Alec Burks,SG,32,NYK,6,0,20.2,4.2,8.3,.500,2.0,4.7,.429,2.2,3.7,.591,.620,4.5,5.3,.844,0.7,2.7,3.3,1.0,0.2,0.2,0.0,1.0,14.8
31,Kentavious Caldwell-Pope,SG,30,DEN,12,12,35.0,2.8,7.2,.395,1.5,4.6,.327,1.3,2.6,.516,.500,0.9,0.9,1.000,0.4,2.5,2.9,2.6,1.4,0.4,0.8,3.1,8.1
32,Wendell Carter Jr.,C,24,ORL,7,5,26.4,2.7,6.7,.404,1.0,3.6,.280,1.7,3.1,.545,.479,1.1,1.6,.727,1.3,5.0,6.3,1.3,0.7,0.6,0.7,2.9,7.6
33,Amir Coffey,SF,26,LAC,6,3,18.7,1.2,3.7,.318,0.5,1.8,.273,0.7,1.8,.364,.386,0.0,0.0,,0.3,1.3,1.7,0.3,0.3,0.2,0.8,1.0,2.8
34,Mike Conley,PG,36,MIN,15,15,31.6,4.1,9.7,.428,2.0,5.1,.395,2.1,4.6,.464,.531,1.3,1.9,.714,0.7,3.2,3.9,5.7,1.4,0.2,1.3,2.5,11.6
35,Pat Connaughton,SF,31,MIL,6,0,20.7,1.8,4.2,.440,0.5,1.8,.273,1.3,2.3,.571,.500,0.3,0.3,1.000,0.5,3.3,3.8,2.2,1.0,0.2,0.5,1.0,4.5
36,Jae Crowder,PF,33,MIL,4,0,10.5,0.8,3.0,.250,0.3,1.8,.143,0.5,1.3,.400,.292,0.5,0.5,1.000,0.5,1.0,1.5,0.5,0.0,0.5,0.0,1.0,2.3
37,Dyson Daniels,PG,20,NOP,3,0,5.7,0.7,2.0,.333,0.0,0.7,.000,0.7,1.3,.500,.333,0.0,0.0,,0.0,0.7,0.7,0.0,0.7,0.0,0.3,0.0,1.3
38,Anthony Davis,C,30,LAL,5,5,41.6,11.8,18.6,.634,0.0,1.0,.000,11.8,17.6,.670,.634,4.2,5.2,.808,3.0,12.6,15.6,4.0,0.4,1.6,2.2,3.8,27.8
39,Mamadi Diakite,PF,27,NYK,4,0,3.8,0.0,0.8,.000,0.0,0.5,.000,0.0,0.3,.000,.000,0.5,0.5,1.000,0.0,0.8,0.8,0.3,0.3,0.3,0.3,0.8,0.5
40,Ousmane Dieng,PF,20,OKC,4,0,1.8,0.3,0.5,.500,0.0,0.3,.000,0.3,0.3,1.000,.500,0.0,0.0,,0.0,0.0,0.0,0.0,0.0,0.0,0.0,0.0,0.5
Rk,Player,Pos,Age,Tm,G,GS,MP,FG,FGA,FG%,3P,3PA,3P%,2P,2PA,2P%,eFG%,FT,FTA,FT%,ORB,DRB,TRB,AST,STL,BLK,TOV,PF,PTS
41,Spencer Dinwiddie,PG,30,LAL,5,0,14.6,1.0,2.8,.357,0.4,1.6,.250,0.6,1.2,.500,.429,0.6,1.2,.500,0.2,1.2,1.4,1.6,0.4,0.2,0.2,1.4,3.0
42,Donte DiVincenzo,SG,27,NYK,13,13,35.8,6.2,14.7,.419,3.5,8.2,.425,2.7,6.5,.412,.537,2.0,2.3,.867,1.0,3.0,4.0,2.6,1.2,0.9,1.2,2.2,17.8
43,Luka Dončić,PG,24,DAL,22,22,40.9,10.2,22.9,.446,3.1,9.6,.322,7.1,13.3,.536,.514,5.3,7.0,.765,0.7,8.7,9.5,8.1,1.9,0.4,4.1,2.5,28.9
44,Luguentz Dort,SF,24,OKC,10,10,35.0,3.3,9.1,.363,2.5,6.4,.391,0.8,2.7,.296,.500,1.6,1.9,.842,1.9,2.7,4.6,2.0,1.3,0.2,1.1,4.2,10.7
45,Kevin Durant,PF,35,PHO,4,4,42.0,9.3,16.8,.552,1.3,3.0,.417,8.0,13.8,.582,.590,7.0,8.5,.824,0.3,6.3,6.5,3.3,0.5,1.5,2.5,2.0,26.8
46,Anthony Edwards,SG,22,MIN,16,16,40.6,9.8,20.3,.481,2.9,7.2,.400,6.9,13.1,.526,.552,5.2,6.4,.814,1.1,5.9,7.0,6.5,1.5,0.6,3.3,2.3,27.6
47,Joel Embiid,C,29,PHI,6,6,41.3,9.8,22.2,.444,2.2,6.5,.333,7.7,15.7,.489,.492,11.2,13.0,.859,3.2,7.7,10.8,5.7,1.2,1.5,4.2,3.3,33.0
48,Drew Eubanks,C,26,PHO,3,0,12.3,2.3,4.0,.583,0.0,0.0,,2.3,4.0,.583,.583,1.0,1.0,1.000,0.0,1.3,1.3,0.0,0.7,0.3,0.7,2.0,5.7
49,Dante Exum,PG,28,DAL,21,0,6.9,0.8,2.1,.364,0.3,1.0,.350,0.4,1.1,.375,.443,0.2,0.3,.667,0.1,0.7,0.8,0.6,0.1,0.0,0.2,0.4,2.0
50,Markelle Fultz,PG,25,ORL,7,0,15.1,2.9,4.9,.588,0.0,0.1,.000,2.9,4.7,.606,.588,0.7,1.3,.556,1.0,1.0,2.0,1.1,0.4,0.0,1.1,1.7,6.4
51,Daniel Gafford,PF,25,DAL,22,22,20.2,3.5,5.6,.634,0.0,0.0,,3.5,5.6,.634,.634,1.9,3.0,.631,1.9,3.6,5.5,0.7,0.3,1.5,0.9,1.7,9.0
52,Danilo Gallinari,SF,35,MIL,3,0,12.3,1.3,2.7,.500,0.0,0.7,.000,1.3,2.0,.667,.500,1.0,1.3,.750,0.3,2.7,3.0,0.7,0.0,0.0,0.3,0.0,3.7
53,Darius Garland,PG,24,CLE,12,12,36.0,6.1,14.3,.427,2.1,5.9,.352,4.0,8.3,.480,.500,1.4,1.8,.810,0.1,3.5,3.6,5.8,1.1,0.2,2.3,2.8,15.7
54,Luka Garza,C,25,MIN,7,0,3.7,1.4,1.7,.833,0.3,0.4,.667,1.1,1.3,.889,.917,1.0,1.1,.875,0.3,0.6,0.9,0.1,0.0,0.0,0.0,0.0,4.1
55,Paul George,PF,33,LAC,6,6,37.0,6.5,15.8,.411,3.0,8.2,.367,3.5,7.7,.457,.505,3.5,4.2,.840,0.5,6.3,6.8,4.8,1.2,0.5,2.3,3.7,19.5
56,Josh Giddey,SG,21,OKC,10,8,18.1,3.4,7.5,.453,1.2,3.4,.353,2.2,4.1,.537,.533,0.7,0.8,.875,0.7,2.9,3.6,2.1,0.2,0.4,1.2,0.9,8.7
57,Shai Gilgeous-Alexander,PG,25,OKC,10,10,39.9,11.1,22.4,.496,1.6,3.7,.432,9.5,18.7,.508,.531,6.4,8.1,.790,0.8,6.4,7.2,6.4,1.3,1.7,2.2,3.1,30.2
58,Rudy Gobert,C,31,MIN,15,15,34.1,4.3,6.9,.615,0.0,0.0,,4.3,6.9,.615,.615,3.5,5.3,.671,2.7,7.1,9.8,1.6,0.9,1.0,1.5,3.7,12.1
59,Aaron Gordon,PF,28,DEN,12,12,37.1,5.8,9.8,.585,0.9,2.3,.407,4.8,7.6,.637,.631,1.9,2.3,.821,3.0,4.3,7.3,4.4,0.8,0.6,1.5,2.3,14.3
60,Eric Gordon,SG,35,PHO,4,0,29.5,2.3,7.0,.321,1.8,4.3,.412,0.5,2.8,.182,.446,1.8,2.0,.875,0.3,1.5,1.8,1.3,1.3,0.5,1.0,1.3,8.0
Rk,Player,Pos,Age,Tm,G,GS,MP,FG,FGA,FG%,3P,3PA,3P%,2P,2PA,2P%,eFG%,FT,FTA,FT%,ORB,DRB,TRB,AST,STL,BLK,TOV,PF,PTS
61,A.J. Green,SG,24,MIL,6,0,11.2,1.0,2.7,.375,0.3,1.8,.182,0.7,0.8,.800,.438,0.5,0.5,1.000,0.0,1.5,1.5,0.3,0.0,0.0,0.2,1.5,2.8
62,Josh Green,SG,23,DAL,22,0,18.1,1.6,3.9,.424,1.0,2.7,.390,0.6,1.2,.500,.559,0.6,0.9,.737,1.0,1.6,2.5,1.0,0.8,0.1,0.3,1.3,5.0
63,Rui Hachimura,PF,25,LAL,5,5,30.4,3.0,7.6,.395,1.0,2.8,.357,2.0,4.8,.417,.461,0.8,1.6,.500,1.2,2.6,3.8,0.8,0.0,0.0,0.4,1.6,7.8
64,Tyrese Haliburton,PG,23,IND,15,15,34.8,7.0,14.3,.488,3.5,9.3,.379,3.5,5.0,.693,.612,1.1,1.3,.850,0.8,4.0,4.8,8.2,1.3,0.7,2.1,0.9,18.7
65,Tim Hardaway Jr.,SF,31,DAL,14,0,12.7,1.6,4.1,.379,0.9,2.6,.351,0.6,1.5,.429,.491,0.3,0.6,.500,0.1,1.6,1.8,0.4,0.4,0.1,0.1,0.7,4.4
66,James Harden,PG,34,LAC,6,6,40.3,6.7,14.8,.449,3.0,7.8,.383,3.7,7.0,.524,.551,4.8,5.3,.906,0.5,4.0,4.5,8.0,1.0,1.0,2.3,2.2,21.2
67,Jaden Hardy,SG,21,DAL,19,0,6.8,1.5,3.6,.426,0.6,1.4,.407,0.9,2.2,.439,.507,0.6,0.8,.733,0.1,0.7,0.8,0.9,0.2,0.0,0.4,0.7,4.2
68,Gary Harris,SG,29,ORL,6,6,26.5,1.3,4.7,.286,1.2,3.7,.318,0.2,1.0,.167,.411,0.3,0.3,1.000,0.8,1.2,2.0,0.7,1.2,0.5,0.3,3.0,4.2
69,Tobias Harris,PF,31,PHI,6,6,36.3,3.7,8.5,.431,1.0,3.0,.333,2.7,5.5,.485,.490,0.7,0.7,1.000,1.5,5.7,7.2,1.5,0.2,0.5,0.5,1.8,9.0
70,Josh Hart,SF,28,NYK,13,13,42.2,5.1,11.5,.440,1.7,4.5,.373,3.4,7.0,.484,.513,2.7,3.7,.729,2.8,8.7,11.5,4.5,1.0,0.8,2.6,3.2,14.5
71,Isaiah Hartenstein,C,25,NYK,13,13,29.8,3.5,5.8,.592,0.1,0.2,.500,3.4,5.7,.595,.599,1.5,1.7,.864,3.8,4.1,7.8,3.5,0.3,0.9,1.5,3.2,8.5
72,Sam Hauser,SF,26,BOS,19,0,14.9,1.9,4.4,.429,1.4,3.7,.380,0.5,0.7,.692,.589,0.2,0.2,1.000,0.4,1.7,2.2,0.6,0.3,0.2,0.2,1.1,5.4
73,Jordan Hawkins,SG,21,NOP,3,0,4.0,0.0,1.3,.000,0.0,1.0,.000,0.0,0.3,.000,.000,0.0,0.0,,0.0,0.7,0.7,0.0,0.0,0.0,0.0,0.3,0.0
74,Jaxson Hayes,C,23,LAL,4,0,6.0,0.0,0.5,.000,0.0,0.0,,0.0,0.5,.000,.000,0.3,0.5,.500,0.8,2.3,3.0,0.3,0.0,0.0,0.5,1.8,0.3
75,Gordon Hayward,SF,33,OKC,7,0,6.6,0.0,0.4,.000,0.0,0.0,,0.0,0.4,.000,.000,0.0,0.0,,0.1,1.7,1.9,0.4,0.1,0.1,0.0,0.3,0.0
76,Tyler Herro,SG,24,MIA,5,5,37.0,6.0,15.6,.385,3.0,8.6,.349,3.0,7.0,.429,.481,1.8,2.0,.900,0.0,3.6,3.6,5.4,0.4,0.0,2.8,2.0,16.8
77,Buddy Hield,SG,31,PHI,4,0,12.8,1.8,4.3,.412,1.5,3.3,.462,0.3,1.0,.250,.588,0.5,0.5,1.000,0.5,0.8,1.3,0.5,0.0,0.3,0.5,1.0,5.5
78,Haywood Highsmith,PF,27,MIA,5,0,25.2,2.0,5.6,.357,0.6,3.2,.188,1.4,2.4,.583,.411,0.2,0.2,1.000,0.4,2.4,2.8,1.6,0.2,0.2,0.8,2.8,4.8
79,Jrue Holiday,PG,33,BOS,19,19,37.9,5.1,10.2,.503,1.8,4.6,.402,3.3,5.6,.585,.593,1.1,1.2,.955,1.9,4.2,6.1,4.4,1.1,0.6,1.5,2.1,13.2
80,Justin Holiday,SG,34,DEN,12,0,12.5,0.9,2.9,.314,0.9,2.4,.379,0.0,0.5,.000,.471,0.2,0.3,.500,0.1,1.6,1.7,0.3,0.5,0.0,0.3,1.3,2.9
Rk,Player,Pos,Age,Tm,G,GS,MP,FG,FGA,FG%,3P,3PA,3P%,2P,2PA,2P%,eFG%,FT,FTA,FT%,ORB,DRB,TRB,AST,STL,BLK,TOV,PF,PTS
81,Chet Holmgren,C,21,OKC,10,10,34.5,5.9,11.9,.496,1.3,5.0,.260,4.6,6.9,.667,.550,2.5,3.3,.758,1.4,5.8,7.2,2.1,0.7,2.5,1.9,2.6,15.6
82,Al Horford,C,37,BOS,19,15,30.3,3.5,7.3,.478,1.8,5.0,.368,1.6,2.3,.721,.605,0.4,0.6,.636,1.8,5.2,7.0,2.1,0.8,0.8,0.6,1.5,9.2
83,Caleb Houstan,SF,21,ORL,3,0,4.7,0.3,0.7,.500,0.3,0.7,.500,0.0,0.0,,.750,0.0,0.0,,0.3,0.3,0.7,0.0,0.0,0.0,0.0,0.0,1.0
84,Jett Howard,SF,20,ORL,2,0,5.0,1.0,1.5,.667,0.5,0.5,1.000,0.5,1.0,.500,.833,0.0,0.0,,0.0,0.5,0.5,0.5,0.0,0.0,1.0,0.5,2.5
85,Bones Hyland,PG,23,LAC,3,0,4.0,1.0,2.3,.429,0.3,1.7,.200,0.7,0.7,1.000,.500,1.3,1.3,1.000,0.0,0.7,0.7,1.3,0.0,0.0,0.3,0.0,3.7
86,Joe Ingles,SF,36,ORL,7,0,9.7,0.6,1.7,.333,0.3,1.0,.286,0.3,0.7,.400,.417,0.1,0.3,.500,0.3,1.6,1.9,1.7,0.4,0.0,0.0,0.4,1.6
87,Brandon Ingram,SF,26,NOP,4,4,36.3,4.8,13.8,.345,0.5,2.0,.250,4.3,11.8,.362,.364,4.3,4.8,.895,0.3,4.3,4.5,3.3,1.0,1.3,2.3,2.0,14.3
88,Kyrie Irving,SG,31,DAL,22,22,40.0,8.5,18.1,.467,2.4,6.2,.390,6.0,11.9,.508,.534,2.8,3.3,.849,1.0,2.7,3.7,5.1,1.0,0.3,2.3,2.8,22.1
89,Jonathan Isaac,PF,26,ORL,7,3,21.0,2.3,5.6,.410,1.4,3.9,.370,0.9,1.7,.500,.538,0.3,0.3,1.000,1.4,3.4,4.9,0.4,0.7,1.3,0.6,1.0,6.3
90,Andre Jackson Jr.,SG,22,MIL,5,0,12.0,1.0,2.2,.455,0.4,1.2,.333,0.6,1.0,.600,.545,0.0,0.0,,1.0,1.2,2.2,2.0,1.0,0.2,0.6,2.0,2.4
91,Isaiah Jackson,C,22,IND,15,0,10.3,1.5,2.9,.535,0.0,0.0,,1.5,2.9,.535,.535,0.7,1.2,.611,1.4,1.8,3.2,0.5,0.2,0.9,0.3,1.6,3.8
92,Reggie Jackson,PG,33,DEN,12,0,9.8,1.3,4.0,.333,0.7,1.9,.348,0.7,2.1,.320,.417,0.2,0.2,1.000,0.2,1.1,1.3,1.0,0.2,0.1,0.7,1.0,3.5
93,LeBron James,PF,39,LAL,5,5,40.8,11.2,19.8,.566,2.0,5.2,.385,9.2,14.6,.630,.616,3.4,4.6,.739,0.8,6.0,6.8,8.8,2.4,1.0,3.8,2.2,27.8
94,Jaime Jaquez Jr.,SF,22,MIA,4,4,30.8,5.3,13.0,.404,0.8,3.3,.231,4.5,9.8,.462,.433,1.5,1.8,.857,0.5,2.8,3.3,3.0,0.8,0.5,1.8,1.5,12.8
95,DaQuan Jeffries,SG,26,NYK,4,0,5.0,0.8,2.0,.375,0.5,1.3,.400,0.3,0.8,.333,.500,0.0,0.0,,0.3,0.8,1.0,0.0,0.3,0.0,0.0,0.5,2.0
96,Isaiah Joe,SG,24,OKC,10,2,17.3,2.4,5.4,.444,1.6,3.9,.410,0.8,1.5,.533,.593,0.0,0.0,,0.4,1.8,2.2,1.0,0.5,0.0,0.5,1.0,6.4
97,James Johnson,PF,36,IND,1,0,1.0,0.0,0.0,,0.0,0.0,,0.0,0.0,,,1.0,2.0,.500,0.0,0.0,0.0,0.0,0.0,0.0,1.0,0.0,1.0
98,Nikola Jokić,C,28,DEN,12,12,40.2,11.1,20.3,.545,1.2,4.4,.264,9.9,15.9,.623,.574,5.3,5.9,.901,3.6,9.8,13.4,8.7,1.4,0.7,3.3,2.7,28.7
99,Damian Jones,C,28,CLE,2,0,4.5,0.0,0.0,,0.0,0.0,,0.0,0.0,,,0.0,0.0,,0.5,0.5,1.0,1.0,0.0,0.5,1.0,0.0,0.0
100,Derrick Jones Jr.,SF,26,DAL,22,22,29.4,3.5,7.3,.481,1.1,3.0,.369,2.4,4.3,.558,.556,1.0,1.4,.733,1.5,2.0,3.5,1.2,0.5,1.0,0.8,2.5,9.1
Rk,Player,Pos,Age,Tm,G,GS,MP,FG,FGA,FG%,3P,3PA,3P%,2P,2PA,2P%,eFG%,FT,FTA,FT%,ORB,DRB,TRB,AST,STL,BLK,TOV,PF,PTS
101,Herbert Jones,SF,25,NOP,4,4,35.3,4.0,10.3,.390,2.0,6.0,.333,2.0,4.3,.471,.488,3.0,3.0,1.000,1.5,3.5,5.0,2.5,1.3,0.3,2.8,3.8,13.0
102,DeAndre Jordan,C,35,DEN,2,0,6.5,0.5,1.0,.500,0.0,0.0,,0.5,1.0,.500,.500,1.0,1.0,1.000,0.5,1.0,1.5,0.0,0.5,0.5,0.0,2.0,2.0
103,Nikola Jović,PF,20,MIA,5,5,25.6,3.2,7.2,.444,1.8,4.4,.409,1.4,2.8,.500,.569,1.2,1.4,.857,0.4,6.2,6.6,2.2,1.0,0.6,1.2,1.8,9.4
104,Maxi Kleber,C,32,DAL,13,0,16.8,1.2,3.0,.410,0.9,2.2,.429,0.3,0.8,.364,.564,0.3,0.5,.667,0.3,1.6,1.9,1.0,0.2,0.3,0.4,1.5,3.7
105,Luke Kornet,C,28,BOS,13,0,10.2,1.1,1.6,.667,0.0,0.0,,1.1,1.6,.667,.667,0.8,1.0,.846,1.5,1.7,3.2,0.5,0.1,0.4,0.5,0.8,3.0
106,A.J. Lawson,SG,23,DAL,10,0,3.0,0.4,0.9,.444,0.2,0.6,.333,0.2,0.3,.667,.556,0.1,0.2,.500,0.1,0.2,0.3,0.0,0.0,0.1,0.0,0.1,1.1
107,Kawhi Leonard,SF,32,LAC,2,2,29.5,5.5,12.0,.458,0.0,2.5,.000,5.5,9.5,.579,.458,1.0,1.5,.667,1.5,6.5,8.0,2.0,2.0,0.5,2.0,1.5,12.0
108,Caris LeVert,SG,29,CLE,11,1,25.3,4.0,9.3,.431,0.5,3.0,.182,3.5,6.3,.551,.461,1.5,2.4,.654,0.7,2.9,3.6,2.3,0.8,0.5,1.3,1.3,10.1
109,E.J. Liddell,PF,23,NOP,1,0,3.0,0.0,0.0,,0.0,0.0,,0.0,0.0,,,0.0,0.0,,0.0,1.0,1.0,0.0,0.0,0.0,0.0,0.0,0.0
110,Damian Lillard,PG,33,MIL,4,4,39.0,8.5,20.3,.420,5.0,12.0,.417,3.5,8.3,.424,.543,9.3,9.5,.974,0.5,2.8,3.3,5.0,1.0,0.0,2.3,2.0,31.3
111,Nassir Little,SF,23,PHO,4,0,3.5,0.8,1.3,.600,0.3,0.8,.333,0.5,0.5,1.000,.700,0.0,0.0,,0.0,0.3,0.3,0.0,0.0,0.0,0.0,0.5,1.8
112,Dereck Lively II,C,19,DAL,21,0,22.0,3.0,4.5,.674,0.0,0.0,1.000,3.0,4.5,.670,.679,1.7,2.9,.590,2.7,4.7,7.4,1.3,0.4,1.0,1.0,2.3,7.9
113,Chris Livingston,SF,20,MIL,2,0,3.0,0.5,0.5,1.000,0.0,0.0,,0.5,0.5,1.000,1.000,0.0,1.5,.000,0.0,0.0,0.0,0.0,0.0,0.0,0.0,0.0,1.0
114,Brook Lopez,C,35,MIL,6,6,33.3,7.3,12.5,.587,1.7,3.8,.435,5.7,8.7,.654,.653,1.3,2.5,.533,1.8,2.5,4.3,1.8,0.0,1.3,1.5,1.7,17.7
115,Kevin Love,PF,35,MIA,5,0,6.4,0.8,1.8,.444,0.2,0.8,.250,0.6,1.0,.600,.500,0.0,0.0,,0.2,2.6,2.8,0.8,0.0,0.0,0.4,0.4,1.8
116,Kyle Lowry,PG,37,PHI,6,6,29.2,1.8,5.3,.344,1.3,4.0,.333,0.5,1.3,.375,.469,2.0,2.5,.800,1.0,2.5,3.5,4.0,1.0,0.7,0.7,3.8,7.0
117,Terance Mann,SG,27,LAC,6,6,31.2,3.2,7.7,.413,1.7,3.7,.455,1.5,4.0,.375,.522,1.3,1.3,1.000,2.8,2.2,5.0,1.8,0.0,0.0,0.8,3.2,9.3
118,Naji Marshall,SF,26,NOP,4,0,21.0,3.0,7.0,.429,1.5,3.8,.400,1.5,3.3,.462,.536,1.5,1.5,1.000,0.8,2.0,2.8,1.3,0.5,0.5,0.5,2.3,9.0
119,Caleb Martin,SF,28,MIA,5,5,35.2,4.2,9.0,.467,2.2,5.0,.440,2.0,4.0,.500,.589,1.0,1.0,1.000,1.0,2.6,3.6,1.4,0.6,0.0,0.6,2.8,11.6
120,Tyrese Maxey,PG,23,PHI,6,6,44.5,11.0,23.0,.478,3.7,9.2,.400,7.3,13.8,.530,.558,4.2,4.7,.893,0.2,5.0,5.2,6.8,0.8,0.3,2.2,2.7,29.8
Rk,Player,Pos,Age,Tm,G,GS,MP,FG,FGA,FG%,3P,3PA,3P%,2P,2PA,2P%,eFG%,FT,FTA,FT%,ORB,DRB,TRB,AST,STL,BLK,TOV,PF,PTS
121,Miles McBride,PG,23,NYK,13,2,26.7,4.2,9.5,.435,1.9,5.2,.368,2.2,4.3,.518,.536,0.8,0.9,.833,0.5,1.7,2.2,1.9,0.5,0.2,0.8,2.3,11.0
122,CJ McCollum,PG,32,NOP,4,4,37.0,7.8,18.5,.419,1.8,7.3,.241,6.0,11.3,.533,.466,0.5,0.5,1.000,0.5,4.3,4.8,4.8,1.8,0.8,4.0,3.5,17.8
123,T.J. McConnell,PG,31,IND,17,0,20.5,5.3,10.9,.486,0.4,1.5,.269,4.9,9.4,.522,.505,0.8,0.9,.867,0.6,2.4,3.1,5.1,0.9,0.1,1.2,1.5,11.8
124,Jaden McDaniels,SF,23,MIN,16,16,33.6,4.5,8.8,.514,1.5,3.5,.429,3.0,5.3,.571,.600,1.7,2.2,.771,1.8,2.1,3.8,1.1,0.9,1.1,1.1,3.4,12.2
125,Doug McDermott,SF,32,IND,10,0,6.4,0.5,1.1,.455,0.3,0.8,.375,0.2,0.3,.667,.591,0.0,0.0,,0.2,0.1,0.3,0.7,0.0,0.2,0.1,0.5,1.3
126,Jordan McLaughlin,PG,27,MIN,6,0,5.0,0.3,1.5,.222,0.0,0.8,.000,0.3,0.7,.500,.222,0.0,0.3,.000,0.0,0.7,0.7,0.3,0.0,0.0,0.3,0.2,0.7
127,De'Anthony Melton,SG,25,PHI,1,0,7.0,0.0,2.0,.000,0.0,2.0,.000,0.0,0.0,,.000,0.0,0.0,,0.0,1.0,1.0,1.0,0.0,0.0,0.0,1.0,0.0
128,Sam Merrill,SG,27,CLE,10,0,12.5,1.0,2.9,.345,1.0,2.7,.370,0.0,0.2,.000,.517,0.3,0.3,1.000,0.2,1.0,1.2,0.9,0.0,0.0,0.0,0.9,3.3
129,Khris Middleton,SF,32,MIL,6,6,38.3,9.2,19.0,.482,1.8,5.2,.355,7.3,13.8,.530,.531,4.5,5.0,.900,2.0,7.2,9.2,4.7,0.5,0.2,2.3,4.2,24.7
130,Leonard Miller,SF,20,MIN,3,0,2.3,0.0,0.3,.000,0.0,0.3,.000,0.0,0.0,,.000,0.0,0.0,,0.3,1.0,1.3,0.0,0.0,0.0,0.0,0.0,0.0
131,Patty Mills,PG,35,MIA,3,0,17.3,2.0,5.7,.353,1.0,3.7,.273,1.0,2.0,.500,.441,1.0,1.3,.750,0.3,0.0,0.3,1.0,0.3,0.0,0.3,0.7,6.0
132,Shake Milton,SG,27,NYK,4,0,5.5,0.0,1.5,.000,0.0,0.5,.000,0.0,1.0,.000,.000,1.3,1.5,.833,0.0,0.3,0.3,0.5,0.3,0.0,0.0,0.0,1.3
133,Josh Minott,SF,21,MIN,5,0,3.6,0.4,1.8,.222,0.4,1.0,.400,0.0,0.8,.000,.333,0.0,0.0,,0.2,0.8,1.0,0.6,0.0,0.0,0.0,0.4,1.2
134,Donovan Mitchell,SG,27,CLE,10,10,38.2,10.7,22.5,.476,2.9,8.2,.354,7.8,14.3,.545,.540,5.3,6.5,.815,0.6,4.8,5.4,4.7,1.3,0.3,2.8,2.9,29.6
135,Evan Mobley,PF,22,CLE,12,12,35.2,6.8,12.2,.555,0.4,1.5,.278,6.3,10.7,.594,.572,2.1,3.0,.694,2.5,6.8,9.3,2.3,0.8,2.2,1.8,2.8,16.0
136,Wendell Moore Jr.,SG,22,MIN,6,0,3.0,0.5,1.2,.429,0.2,0.7,.250,0.3,0.5,.667,.500,0.0,0.0,,0.0,0.3,0.3,0.3,0.2,0.0,0.2,0.5,1.2
137,Marcus Morris,PF,34,CLE,9,1,15.3,2.4,5.3,.458,1.0,2.6,.391,1.4,2.8,.520,.552,0.2,0.3,.667,0.2,2.6,2.8,0.3,0.4,0.0,0.3,0.9,6.1
138,Markieff Morris,PF,34,DAL,1,0,12.0,1.0,5.0,.200,1.0,3.0,.333,0.0,2.0,.000,.300,0.0,0.0,,0.0,4.0,4.0,0.0,0.0,0.0,1.0,1.0,3.0
139,Monte Morris,PG,28,MIN,9,0,7.4,1.0,3.3,.300,0.1,1.6,.071,0.9,1.8,.500,.317,0.2,0.2,1.000,0.1,0.6,0.7,1.0,0.2,0.1,0.0,0.7,2.3
140,Trey Murphy III,SF,23,NOP,4,4,42.0,4.5,12.0,.375,2.5,7.5,.333,2.0,4.5,.444,.479,0.0,0.0,,0.8,5.8,6.5,2.3,1.3,1.5,2.0,3.0,11.5
Rk,Player,Pos,Age,Tm,G,GS,MP,FG,FGA,FG%,3P,3PA,3P%,2P,2PA,2P%,eFG%,FT,FTA,FT%,ORB,DRB,TRB,AST,STL,BLK,TOV,PF,PTS
141,Jamal Murray,PG,26,DEN,12,12,38.5,8.3,20.8,.402,1.9,6.1,.315,6.4,14.7,.438,.448,2.0,2.2,.923,0.8,3.6,4.3,5.6,0.8,0.5,2.6,2.3,20.6
142,Svi Mykhailiuk,SF,26,BOS,8,0,4.0,0.4,1.5,.250,0.3,1.1,.222,0.1,0.4,.333,.333,0.0,0.0,,0.1,0.5,0.6,0.1,0.1,0.0,0.3,0.4,1.0
143,Larry Nance Jr.,C,31,NOP,4,0,21.0,2.5,4.3,.588,0.3,1.0,.250,2.3,3.3,.692,.618,1.0,1.5,.667,3.8,4.5,8.3,1.8,0.5,0.0,1.8,2.3,6.3
144,Andrew Nembhard,PG,24,IND,17,17,32.6,6.0,10.7,.560,1.7,3.5,.483,4.3,7.2,.598,.640,1.2,1.5,.769,0.8,2.5,3.3,5.5,0.4,0.2,1.4,3.3,14.9
145,Aaron Nesmith,SF,24,IND,17,17,32.9,3.6,8.3,.433,1.3,4.6,.278,2.3,3.6,.629,.511,2.0,2.2,.919,1.1,3.8,4.9,2.2,0.6,0.5,1.4,3.9,10.5
146,Georges Niang,PF,30,CLE,10,0,12.1,0.9,4.1,.220,0.3,2.3,.130,0.6,1.8,.333,.256,0.7,0.8,.875,0.3,0.9,1.2,0.4,0.4,0.2,0.7,1.8,2.8
147,Zeke Nnaji,PF,23,DEN,3,0,4.7,0.7,1.0,.667,0.0,0.0,,0.7,1.0,.667,.667,0.3,0.7,.500,0.7,0.0,0.7,0.0,0.0,0.3,0.7,0.3,1.7
148,Jusuf Nurkić,C,29,PHO,4,4,26.0,3.3,6.5,.500,0.0,0.5,.000,3.3,6.0,.542,.500,1.3,2.8,.455,3.3,5.0,8.3,2.8,1.5,1.5,1.5,3.8,7.8
149,Royce O'Neale,SF,30,PHO,4,2,26.0,1.8,5.5,.318,1.5,4.5,.333,0.3,1.0,.250,.455,0.0,0.0,,1.3,3.5,4.8,1.0,0.3,0.0,0.5,2.8,5.0
150,Chuma Okeke,SF,25,ORL,2,0,5.0,1.0,1.5,.667,0.5,1.0,.500,0.5,0.5,1.000,.833,0.5,0.5,1.000,0.0,0.0,0.0,0.5,0.0,0.0,0.0,0.0,3.0
151,Josh Okogie,SG,25,PHO,4,0,7.3,1.3,2.3,.556,0.3,0.8,.333,1.0,1.5,.667,.611,0.8,1.5,.500,0.0,1.0,1.0,0.5,0.5,0.0,0.5,1.8,3.5
152,Isaac Okoro,SF,23,CLE,12,7,21.9,2.1,5.8,.357,0.8,2.9,.257,1.3,2.9,.457,.421,0.6,0.8,.778,0.4,1.3,1.8,1.1,0.9,0.3,0.9,2.5,5.5
153,Kelly Oubre Jr.,SF,28,PHI,6,6,37.3,5.2,10.7,.484,1.5,3.8,.391,3.7,6.8,.537,.555,1.3,1.8,.727,1.5,2.5,4.0,1.7,1.8,1.2,1.3,4.0,13.2
154,Cameron Payne,PG,29,PHI,5,0,12.2,2.0,5.0,.400,1.6,3.6,.444,0.4,1.4,.286,.560,0.0,0.0,,0.0,1.2,1.2,1.4,0.2,0.8,0.6,2.0,5.6
155,Jalen Pickett,SG,24,DEN,3,0,3.7,0.7,1.0,.667,0.0,0.3,.000,0.7,0.7,1.000,.667,0.0,0.0,,0.0,0.3,0.3,0.3,0.0,0.3,0.0,0.3,1.3
156,Mason Plumlee,C,33,LAC,6,0,11.0,1.2,3.0,.389,0.0,0.0,,1.2,3.0,.389,.389,0.8,1.3,.625,1.2,2.2,3.3,0.7,0.5,0.3,0.3,2.2,3.2
157,Michael Porter Jr.,SF,25,DEN,12,12,36.9,5.7,12.2,.466,2.8,6.8,.407,2.9,5.4,.538,.579,1.7,2.2,.769,0.7,6.2,6.8,1.1,0.9,0.8,1.5,2.3,15.8
158,Bobby Portis,PF,28,MIL,6,6,31.2,7.3,15.2,.484,0.5,2.0,.250,6.8,13.2,.519,.500,1.3,2.2,.615,2.7,8.7,11.3,1.0,0.5,0.2,1.5,2.2,16.5
159,Kristaps Porziņģis,C,28,BOS,7,4,23.6,4.0,8.6,.467,1.4,4.1,.345,2.6,4.4,.581,.550,2.9,3.1,.909,0.6,3.9,4.4,1.1,0.7,1.6,0.7,2.1,12.3
160,Dwight Powell,C,32,DAL,13,0,3.4,0.1,0.2,.333,0.0,0.0,,0.1,0.2,.333,.333,0.3,0.5,.667,0.2,0.7,0.9,0.2,0.1,0.0,0.2,0.7,0.5
Rk,Player,Pos,Age,Tm,G,GS,MP,FG,FGA,FG%,3P,3PA,3P%,2P,2PA,2P%,eFG%,FT,FTA,FT%,ORB,DRB,TRB,AST,STL,BLK,TOV,PF,PTS
161,Norman Powell,SG,30,LAC,6,0,29.8,4.3,10.2,.426,2.2,4.8,.448,2.2,5.3,.406,.533,2.0,2.5,.800,0.5,2.3,2.8,0.3,0.5,0.0,1.2,3.3,12.8
162,Taurean Prince,PF,29,LAL,5,0,22.2,2.4,5.8,.414,1.0,3.4,.294,1.4,2.4,.583,.500,1.6,1.6,1.000,0.2,2.2,2.4,0.6,0.2,0.4,0.2,1.8,7.4
163,Payton Pritchard,PG,26,BOS,19,0,18.7,2.3,5.5,.419,1.2,3.2,.383,1.1,2.4,.467,.529,0.6,0.6,.917,0.7,1.2,1.9,2.1,0.2,0.0,0.7,1.2,6.4
164,Olivier-Maxence Prosper,PF,21,DAL,3,0,3.0,0.0,0.7,.000,0.0,0.0,,0.0,0.7,.000,.000,0.0,0.0,,0.0,1.0,1.0,0.3,0.0,0.0,0.0,0.0,0.0
165,Neemias Queta,C,24,BOS,3,0,4.3,0.7,1.0,.667,0.0,0.0,,0.7,1.0,.667,.667,0.0,0.0,,0.3,0.7,1.0,0.0,0.0,0.3,0.0,0.0,1.3
166,Austin Reaves,SG,25,LAL,5,5,34.8,6.0,12.6,.476,1.4,5.2,.269,4.6,7.4,.622,.532,3.4,3.8,.895,1.0,2.8,3.8,3.6,1.4,0.6,0.8,1.6,16.8
167,Paul Reed,C,24,PHI,6,0,7.2,0.7,1.5,.444,0.0,0.0,,0.7,1.5,.444,.444,0.2,0.3,.500,1.5,1.2,2.7,0.3,0.2,0.5,0.5,1.2,1.5
168,Naz Reid,PF,24,MIN,16,0,22.6,4.1,8.9,.458,1.6,4.3,.362,2.5,4.6,.548,.546,1.4,1.9,.710,0.6,3.1,3.7,1.0,0.5,0.8,0.9,2.0,11.1
169,Duncan Robinson,SF,29,MIA,5,0,12.0,1.0,3.2,.313,0.6,2.6,.231,0.4,0.6,.667,.406,0.0,0.0,,0.0,1.0,1.0,1.2,0.4,0.0,1.0,1.2,2.6
170,Mitchell Robinson,C,25,NYK,6,0,19.2,1.2,2.3,.500,0.0,0.0,,1.2,2.3,.500,.500,0.5,1.3,.375,3.8,3.0,6.8,0.5,1.0,1.2,0.5,2.5,2.8
171,Orlando Robinson,C,23,MIA,1,0,2.0,0.0,1.0,.000,0.0,1.0,.000,0.0,0.0,,.000,0.0,0.0,,0.0,1.0,1.0,1.0,0.0,0.0,0.0,0.0,0.0
172,Jeremiah Robinson-Earl,PF,23,NOP,1,0,5.0,1.0,2.0,.500,0.0,0.0,,1.0,2.0,.500,.500,0.0,2.0,.000,1.0,0.0,1.0,1.0,0.0,0.0,0.0,0.0,2.0
173,David Roddy,PF,22,PHO,2,0,1.5,0.0,0.0,,0.0,0.0,,0.0,0.0,,,0.0,0.0,,0.0,0.0,0.0,0.0,0.0,0.0,0.0,0.0,0.0
174,D'Angelo Russell,PG,27,LAL,5,5,37.0,5.6,14.6,.384,2.8,8.8,.318,2.8,5.8,.483,.479,0.2,0.4,.500,0.2,2.6,2.8,4.2,0.8,0.2,1.8,1.2,14.2
175,Matt Ryan,SF,26,NOP,1,0,3.0,0.0,1.0,.000,0.0,1.0,.000,0.0,0.0,,.000,0.0,0.0,,0.0,1.0,1.0,0.0,1.0,0.0,1.0,0.0,0.0
176,Ben Sheppard,SG,22,IND,17,2,19.7,1.8,4.2,.437,1.1,2.9,.380,0.7,1.2,.571,.570,0.4,0.5,.778,0.6,2.4,3.0,1.0,0.5,0.1,0.6,1.9,5.2
177,Pascal Siakam,PF,29,IND,17,17,35.5,9.2,17.1,.541,0.8,2.8,.298,8.4,14.3,.588,.566,2.3,3.7,.619,2.5,5.1,7.5,3.8,0.8,0.4,1.1,2.8,21.6
178,Jericho Sims,C,25,NYK,5,0,5.4,0.4,0.4,1.000,0.0,0.0,,0.4,0.4,1.000,1.000,0.6,0.8,.750,0.6,1.0,1.6,0.2,0.4,0.2,0.0,0.2,1.4
179,Jalen Smith,C,23,IND,7,0,6.0,0.4,1.1,.375,0.3,0.6,.500,0.1,0.6,.250,.500,0.7,1.1,.625,1.0,1.0,2.0,0.3,0.3,0.1,0.6,1.1,1.9
180,Jaden Springer,SG,21,BOS,4,0,5.5,0.5,0.8,.667,0.0,0.0,,0.5,0.8,.667,.667,0.0,0.0,,0.0,0.8,0.8,0.3,0.0,0.3,0.5,0.3,1.0
Rk,Player,Pos,Age,Tm,G,GS,MP,FG,FGA,FG%,3P,3PA,3P%,2P,2PA,2P%,eFG%,FT,FTA,FT%,ORB,DRB,TRB,AST,STL,BLK,TOV,PF,PTS
181,Julian Strawther,SF,21,DEN,3,0,5.3,0.7,2.0,.333,0.3,1.3,.250,0.3,0.7,.500,.417,0.7,1.3,.500,0.0,0.7,0.7,0.0,0.3,0.0,0.3,1.0,2.3
182,Max Strus,SF,27,CLE,12,12,36.2,3.5,8.6,.408,2.1,6.0,.347,1.4,2.6,.548,.529,0.4,0.4,1.000,0.7,4.7,5.3,2.9,0.8,0.0,1.3,3.4,9.5
183,Jalen Suggs,SG,22,ORL,7,7,33.1,4.7,11.7,.402,2.0,6.9,.292,2.7,4.9,.559,.488,3.3,4.3,.767,1.6,3.6,5.1,3.3,1.3,0.4,2.9,2.6,14.7
184,Jayson Tatum,PF,25,BOS,19,19,40.4,8.4,19.6,.427,2.1,7.3,.283,6.3,12.3,.513,.480,6.2,7.2,.861,0.9,8.8,9.7,6.3,1.1,0.7,2.6,2.8,25.0
185,Daniel Theis,C,31,LAC,1,0,4.0,1.0,1.0,1.000,1.0,1.0,1.000,0.0,0.0,,1.500,0.0,0.0,,0.0,1.0,1.0,0.0,0.0,0.0,0.0,0.0,3.0
186,Isaiah Thomas,PG,34,PHO,1,0,4.0,0.0,2.0,.000,0.0,1.0,.000,0.0,1.0,.000,.000,0.0,0.0,,0.0,0.0,0.0,0.0,0.0,0.0,1.0,0.0,0.0
187,Tristan Thompson,C,32,CLE,10,0,8.7,0.7,1.6,.438,0.0,0.0,,0.7,1.6,.438,.438,0.1,0.2,.500,1.0,1.0,2.0,1.0,0.1,0.5,0.2,0.9,1.5
188,Xavier Tillman Sr.,PF,25,BOS,8,0,8.6,0.6,1.0,.625,0.1,0.1,1.000,0.5,0.9,.571,.688,0.1,0.1,1.000,0.5,1.3,1.8,0.4,0.4,0.4,0.4,0.9,1.5
189,Obi Toppin,PF,25,IND,17,0,20.2,4.3,7.9,.541,1.2,3.3,.357,3.1,4.6,.671,.615,1.1,1.5,.760,0.6,3.8,4.4,1.7,0.4,0.4,0.8,1.2,10.9
190,Karl-Anthony Towns,PF,28,MIN,16,16,32.6,6.8,14.5,.466,1.9,5.2,.361,4.9,9.3,.523,.530,3.7,4.3,.855,2.2,6.8,9.0,2.6,0.8,0.2,1.7,3.4,19.1
191,P.J. Tucker,PF,38,LAC,2,1,15.5,2.0,3.0,.667,1.5,2.0,.750,0.5,1.0,.500,.917,0.0,0.0,,1.5,0.0,1.5,0.0,0.0,0.0,1.5,3.0,5.5
192,Myles Turner,C,27,IND,17,17,32.4,6.2,12.1,.517,2.3,5.1,.453,3.9,7.0,.563,.612,2.2,2.9,.760,1.5,5.1,6.6,2.1,0.5,1.5,1.9,2.6,17.0
193,Hunter Tyson,PF,23,DEN,3,0,4.7,0.0,1.3,.000,0.0,1.0,.000,0.0,0.3,.000,.000,0.3,0.7,.500,0.3,0.7,1.0,0.3,0.0,0.0,0.3,0.0,0.3
194,Jonas Valančiūnas,C,31,NOP,4,4,22.5,5.5,10.5,.524,0.0,0.3,.000,5.5,10.3,.537,.524,3.5,4.3,.824,4.5,6.5,11.0,1.3,0.5,0.0,2.5,2.3,14.5
195,Gabe Vincent,PG,27,LAL,5,0,13.8,0.6,2.4,.250,0.2,1.4,.143,0.4,1.0,.400,.292,0.0,0.0,,0.2,1.4,1.6,0.6,0.4,0.0,0.6,1.6,1.4
196,Dean Wade,PF,27,CLE,3,1,21.0,1.3,4.3,.308,1.0,3.3,.300,0.3,1.0,.333,.423,0.0,0.0,,0.3,1.7,2.0,1.7,0.3,0.7,0.7,1.3,3.7
197,Franz Wagner,SF,22,ORL,7,7,37.0,6.0,14.7,.408,1.3,4.9,.265,4.7,9.9,.478,.451,5.6,6.3,.886,1.4,5.4,6.9,4.4,0.7,1.3,1.3,2.9,18.9
198,Moritz Wagner,C,26,ORL,7,0,15.0,2.3,5.1,.444,0.3,1.3,.222,2.0,3.9,.519,.472,1.4,2.4,.588,1.6,2.9,4.4,0.3,0.9,0.4,1.1,3.0,6.3
199,Jarace Walker,PF,20,IND,9,0,3.4,0.3,1.1,.300,0.0,0.3,.000,0.3,0.8,.429,.300,0.2,0.3,.667,0.1,0.3,0.4,0.4,0.2,0.1,0.7,0.2,0.9
200,Cason Wallace,SG,20,OKC,10,0,19.8,1.6,4.1,.390,0.9,2.8,.321,0.7,1.3,.538,.500,0.1,0.2,.500,0.7,0.6,1.3,1.0,0.9,0.2,0.4,1.4,4.2
Rk,Player,Pos,Age,Tm,G,GS,MP,FG,FGA,FG%,3P,3PA,3P%,2P,2PA,2P%,eFG%,FT,FTA,FT%,ORB,DRB,TRB,AST,STL,BLK,TOV,PF,PTS
201,Jordan Walsh,SF,19,BOS,3,0,3.7,0.3,1.0,.333,0.0,0.3,.000,0.3,0.7,.500,.333,0.0,0.0,,0.0,0.7,0.7,0.0,0.0,0.0,0.0,0.0,0.7
202,T.J. Warren,SF,30,MIN,3,0,3.7,0.0,0.7,.000,0.0,0.3,.000,0.0,0.3,.000,.000,0.0,0.0,,0.7,0.3,1.0,0.3,0.0,0.0,0.0,0.0,0.0
203,P.J. Washington,PF,25,DAL,22,22,35.7,4.5,10.6,.427,2.1,6.1,.348,2.4,4.5,.535,.528,1.8,2.5,.709,1.5,5.1,6.6,1.4,0.7,0.8,1.5,3.0,13.0
204,Lindy Waters III,SG,26,OKC,3,0,3.0,0.0,0.3,.000,0.0,0.3,.000,0.0,0.0,,.000,0.0,0.0,,0.0,0.3,0.3,0.0,0.0,0.0,0.0,0.0,0.0
205,Peyton Watson,SF,21,DEN,10,0,9.0,0.6,2.4,.250,0.3,1.2,.250,0.3,1.2,.250,.313,0.3,0.6,.500,0.2,1.3,1.5,0.4,0.0,0.6,0.3,0.9,1.8
206,Russell Westbrook,PG,35,LAC,6,0,19.0,2.2,8.3,.260,0.7,2.8,.235,1.5,5.5,.273,.300,1.3,2.2,.615,1.0,3.2,4.2,1.7,1.2,0.5,1.7,1.8,6.3
207,Derrick White,SG,29,BOS,19,19,35.6,5.7,12.7,.452,3.4,8.5,.404,2.3,4.2,.550,.587,1.8,2.0,.921,1.0,3.3,4.3,4.1,0.9,1.2,0.8,2.3,16.7
208,Aaron Wiggins,SG,25,OKC,10,0,15.7,2.3,4.7,.489,0.6,2.0,.300,1.7,2.7,.630,.553,1.0,1.1,.909,0.9,2.3,3.2,1.0,0.6,0.3,0.9,0.8,6.2
209,Jalen Williams,PF,22,OKC,10,10,37.7,7.5,16.0,.469,1.5,3.9,.385,6.0,12.1,.496,.516,2.2,2.7,.815,1.3,5.5,6.8,5.4,1.7,0.5,1.9,2.1,18.7
210,Jaylin Williams,C,21,OKC,10,0,12.7,1.6,3.3,.485,0.9,2.2,.409,0.7,1.1,.636,.621,0.3,0.4,.750,0.4,2.8,3.2,1.5,0.4,0.3,0.3,1.1,4.4
211,Kenrich Williams,PF,29,OKC,7,0,4.6,0.3,1.1,.250,0.0,0.7,.000,0.3,0.4,.667,.250,0.0,0.0,,0.1,1.0,1.1,0.4,0.1,0.0,0.0,0.4,0.6
212,Delon Wright,PG,31,MIA,4,1,26.8,3.0,5.0,.600,1.5,2.5,.600,1.5,2.5,.600,.750,0.5,0.5,1.000,0.5,2.5,3.0,1.8,1.0,0.3,0.0,1.3,8.0
213,Thaddeus Young,PF,35,PHO,1,0,4.0,0.0,0.0,,0.0,0.0,,0.0,0.0,,,0.0,0.0,,0.0,0.0,0.0,0.0,0.0,0.0,0.0,0.0,0.0
214,Ivica Zubac,C,26,LAC,6,6,32.0,7.0,11.7,.600,0.0,0.0,,7.0,11.7,.600,.600,2.2,3.3,.650,3.0,6.3,9.3,1.0,0.8,0.5,1.3,3.5,16.2
